
<rim:LeafRegistryObjectList xmlns:rim="urn:oasis:names:tc:ebxml-regrep:xsd:rim:3.0">
   <rim:Association associationType="urn:oasis:names:tc:ebxml-regrep:AssociationType:HasMember"
         sourceObject="urn:uuid:1ac3500d-f547-4b5e-a95d-ceb10ad04803"
         targetObject="urn:uuid:9c6fd84f-706a-4262-9ed8-8f7ace932ec5"
         id="urn:uuid:2212bc85-ee27-4b78-b47e-906de225038d"
         objectType="urn:oasis:names:tc:ebxml-regrep:ObjectType:RegistryObject:Association"
         lid="urn:uuid:2212bc85-ee27-4b78-b47e-906de225038d">
      <rim:Slot name="SubmissionSetStatus">
         <rim:ValueList>
            <rim:Value>Original</rim:Value>
         </rim:ValueList>
      </rim:Slot>
      <rim:VersionInfo versionName="-1"/>
   </rim:Association>
</rim:LeafRegistryObjectList>