
<rim:LeafRegistryObjectList xmlns:rim="urn:oasis:names:tc:ebxml-regrep:xsd:rim:3.0">
   <rim:ExtrinsicObject id="urn:uuid:9c6fd84f-706a-4262-9ed8-8f7ace932ec5"
         mimeType="application/dicom" objectType="urn:uuid:7edca82f-054d-47f2-a032-9b2a5b5186c1"
         lid="urn:uuid:9c6fd84f-706a-4262-9ed8-8f7ace932ec5">
      <rim:Slot name="repositoryUniqueId">
         <rim:ValueList>
            <rim:Value>1.1.4567332.1.1</rim:Value>
         </rim:ValueList>
      </rim:Slot>
      <rim:Slot name="hash">
         <rim:ValueList>
            <rim:Value>f40836f5d2bb22e300ee6f0049dc0de928f4d08c</rim:Value>
         </rim:ValueList>
      </rim:Slot>
      <rim:Slot name="size">
         <rim:ValueList>
            <rim:Value>1598</rim:Value>
         </rim:ValueList>
      </rim:Slot>
      <rim:Slot name="creationTime">
         <rim:ValueList>
            <rim:Value>20151217090551</rim:Value>
         </rim:ValueList>
      </rim:Slot>
      <rim:Slot name="languageCode">
         <rim:ValueList>
            <rim:Value>en-us</rim:Value>
         </rim:ValueList>
      </rim:Slot>
      <rim:Slot name="serviceStartTime">
         <rim:ValueList>
            <rim:Value>200612230800</rim:Value>
         </rim:ValueList>
      </rim:Slot>
      <rim:Slot name="serviceStopTime">
         <rim:ValueList>
            <rim:Value>200612230900</rim:Value>
         </rim:ValueList>
      </rim:Slot>
      <rim:Slot name="sourcePatientId">
         <rim:ValueList>
            <rim:Value>DEPT201512170905042^^^&amp;1.2.3&amp;ISO</rim:Value>
         </rim:ValueList>
      </rim:Slot>
      <rim:Slot name="sourcePatientInfo">
         <rim:ValueList>
            <rim:Value>PID-3|DEPT201512170905042^^^&amp;1.2.3&amp;ISO</rim:Value>
            <rim:Value>PID-5|Moulton^Fred^^^</rim:Value>
            <rim:Value>PID-7|19640101</rim:Value>
            <rim:Value>PID-8|M</rim:Value>
            <rim:Value>PID-11|100 Main St^^Metropolis^Il^44130^USA</rim:Value>
         </rim:ValueList>
      </rim:Slot>
      <rim:Name>
         <rim:LocalizedString value="DocA"/>
      </rim:Name>
      <rim:Description/>
      <rim:VersionInfo versionName="1"/>
      <rim:Classification classificationScheme="urn:uuid:93606bcf-9494-43ec-9b4e-a7748d1a838d"
            classifiedObject="urn:uuid:9c6fd84f-706a-4262-9ed8-8f7ace932ec5"
            nodeRepresentation="" objectType="urn:oasis:names:tc:ebxml-regrep:ObjectType:RegistryObject:Classification"
            id="urn:uuid:ba3f4d21-f475-4a9b-978f-e39105cb89e8">
         <rim:Slot name="authorPerson">
            <rim:ValueList>
               <rim:Value>^Smitty^Gerald^^^</rim:Value>
            </rim:ValueList>
         </rim:Slot>
         <rim:Slot name="authorInstitution">
            <rim:ValueList>
               <rim:Value>Cleveland Clinic</rim:Value>
               <rim:Value>Parma Community</rim:Value>
            </rim:ValueList>
         </rim:Slot>
         <rim:Slot name="authorRole">
            <rim:ValueList>
               <rim:Value>Radiologist</rim:Value>
            </rim:ValueList>
         </rim:Slot>
         <rim:Slot name="authorSpecialty">
            <rim:ValueList>
               <rim:Value>Radiology</rim:Value>
            </rim:ValueList>
         </rim:Slot>
         <rim:VersionInfo versionName="-1"/>
      </rim:Classification>
      <rim:Classification classificationScheme="urn:uuid:93606bcf-9494-43ec-9b4e-a7748d1a838d"
            classifiedObject="urn:uuid:9c6fd84f-706a-4262-9ed8-8f7ace932ec5"
            nodeRepresentation="" objectType="urn:oasis:names:tc:ebxml-regrep:ObjectType:RegistryObject:Classification"
            id="urn:uuid:76c63b91-399c-447f-8dbc-81290b18696d">
         <rim:Slot name="authorPerson">
            <rim:ValueList>
               <rim:Value>^Dopplemeyer^Sherry^^^</rim:Value>
            </rim:ValueList>
         </rim:Slot>
         <rim:Slot name="authorInstitution">
            <rim:ValueList>
               <rim:Value>Cleveland Clinic</rim:Value>
               <rim:Value>Berea Community</rim:Value>
            </rim:ValueList>
         </rim:Slot>
         <rim:Slot name="authorRole">
            <rim:ValueList>
               <rim:Value>Radiologist</rim:Value>
            </rim:ValueList>
         </rim:Slot>
         <rim:Slot name="authorSpecialty">
            <rim:ValueList>
               <rim:Value>Radiology</rim:Value>
            </rim:ValueList>
         </rim:Slot>
         <rim:VersionInfo versionName="-1"/>
      </rim:Classification>
      <rim:Classification classificationScheme="urn:uuid:41a5887f-8865-4c09-adf7-e362475b143a"
            classifiedObject="urn:uuid:9c6fd84f-706a-4262-9ed8-8f7ace932ec5"
            nodeRepresentation="DEMO-Index" objectType="urn:oasis:names:tc:ebxml-regrep:ObjectType:RegistryObject:Classification"
            id="urn:uuid:011b19ce-a477-4b9d-837b-f9e48b1354c8">
         <rim:Slot name="codingScheme">
            <rim:ValueList>
               <rim:Value>1.3.6.1.4.1.21367.100.1</rim:Value>
            </rim:ValueList>
         </rim:Slot>
         <rim:Name>
            <rim:LocalizedString value="Document Index"/>
         </rim:Name>
         <rim:VersionInfo versionName="-1"/>
      </rim:Classification>
      <rim:Classification classificationScheme="urn:uuid:f4f85eac-e6cb-4883-b524-f2705394840f"
            classifiedObject="urn:uuid:9c6fd84f-706a-4262-9ed8-8f7ace932ec5"
            nodeRepresentation="R" objectType="urn:oasis:names:tc:ebxml-regrep:ObjectType:RegistryObject:Classification"
            id="urn:uuid:61eb7a95-974c-41fb-8568-f0f23d59d771">
         <rim:Slot name="codingScheme">
            <rim:ValueList>
               <rim:Value>2.16.840.1.113883.5.25</rim:Value>
            </rim:ValueList>
         </rim:Slot>
         <rim:Name>
            <rim:LocalizedString value="Restricted"/>
         </rim:Name>
         <rim:VersionInfo versionName="-1"/>
      </rim:Classification>
      <rim:Classification classificationScheme="urn:uuid:a09d5840-386c-46f2-b5ad-9c3699a4309d"
            classifiedObject="urn:uuid:9c6fd84f-706a-4262-9ed8-8f7ace932ec5"
            nodeRepresentation="1.2.840.10008.5.1.4.1.1.88.59"
            objectType="urn:oasis:names:tc:ebxml-regrep:ObjectType:RegistryObject:Classification"
            id="urn:uuid:351a9291-fd70-438b-a759-e04e904a0d12">
         <rim:Slot name="codingScheme">
            <rim:ValueList>
               <rim:Value>1.2.840.10008.2.6.1</rim:Value>
            </rim:ValueList>
         </rim:Slot>
         <rim:Name>
            <rim:LocalizedString value="1.2.840.10008.5.1.4.1.1.88.59"/>
         </rim:Name>
         <rim:VersionInfo versionName="-1"/>
      </rim:Classification>
      <rim:Classification classificationScheme="urn:uuid:f33fb8ac-18af-42cc-ae0e-ed0b0bdb91e1"
            classifiedObject="urn:uuid:9c6fd84f-706a-4262-9ed8-8f7ace932ec5"
            nodeRepresentation="Outpatient" objectType="urn:oasis:names:tc:ebxml-regrep:ObjectType:RegistryObject:Classification"
            id="urn:uuid:c8dc72bb-cb3d-487d-b0e3-ef02534724b6">
         <rim:Slot name="codingScheme">
            <rim:ValueList>
               <rim:Value>Connect-a-thon healthcareFacilityTypeCodes 2</rim:Value>
            </rim:ValueList>
         </rim:Slot>
         <rim:Name>
            <rim:LocalizedString value="Outpatient"/>
         </rim:Name>
         <rim:VersionInfo versionName="-1"/>
      </rim:Classification>
      <rim:Classification classificationScheme="urn:uuid:cccf5598-8b07-4b77-a05e-ae952c785ead"
            classifiedObject="urn:uuid:9c6fd84f-706a-4262-9ed8-8f7ace932ec5"
            nodeRepresentation="R-3027B" objectType="urn:oasis:names:tc:ebxml-regrep:ObjectType:RegistryObject:Classification"
            id="urn:uuid:224c3601-1991-4055-9185-9aa1a0321429">
         <rim:Slot name="codingScheme">
            <rim:ValueList>
               <rim:Value>SRT</rim:Value>
            </rim:ValueList>
         </rim:Slot>
         <rim:Name>
            <rim:LocalizedString value="Radiology"/>
         </rim:Name>
         <rim:VersionInfo versionName="-1"/>
      </rim:Classification>
      <rim:Classification classificationScheme="urn:uuid:2c6b8cb7-8b2a-4051-b291-b1ae6a575ef4"
            classifiedObject="urn:uuid:9c6fd84f-706a-4262-9ed8-8f7ace932ec5"
            nodeRepresentation="CT" objectType="urn:oasis:names:tc:ebxml-regrep:ObjectType:RegistryObject:Classification"
            id="urn:uuid:cc41cb6e-7102-43e8-a452-e65ec1219175">
         <rim:Slot name="codingScheme">
            <rim:ValueList>
               <rim:Value>DCM</rim:Value>
            </rim:ValueList>
         </rim:Slot>
         <rim:Name>
            <rim:LocalizedString value="Computed Tomography"/>
         </rim:Name>
         <rim:VersionInfo versionName="-1"/>
      </rim:Classification>
      <rim:Classification classificationScheme="urn:uuid:2c6b8cb7-8b2a-4051-b291-b1ae6a575ef4"
            classifiedObject="urn:uuid:9c6fd84f-706a-4262-9ed8-8f7ace932ec5"
            nodeRepresentation="R-FAB55" objectType="urn:oasis:names:tc:ebxml-regrep:ObjectType:RegistryObject:Classification"
            id="urn:uuid:368e6bbd-3575-46c1-9c8d-ec996ad92031">
         <rim:Slot name="codingScheme">
            <rim:ValueList>
               <rim:Value>SRT</rim:Value>
            </rim:ValueList>
         </rim:Slot>
         <rim:Name>
            <rim:LocalizedString value="Chest and Abdomen"/>
         </rim:Name>
         <rim:VersionInfo versionName="-1"/>
      </rim:Classification>
      <rim:Classification classificationScheme="urn:uuid:f0306f51-975f-434e-a61c-c59651d33983"
            classifiedObject="urn:uuid:9c6fd84f-706a-4262-9ed8-8f7ace932ec5"
            nodeRepresentation="11502-2" objectType="urn:oasis:names:tc:ebxml-regrep:ObjectType:RegistryObject:Classification"
            id="urn:uuid:c42f0c15-0ead-4892-a6b5-f9c0aa17fef2">
         <rim:Slot name="codingScheme">
            <rim:ValueList>
               <rim:Value>2.16.840.1.113883.6.1</rim:Value>
            </rim:ValueList>
         </rim:Slot>
         <rim:Name>
            <rim:LocalizedString value="LABORATORY REPORT.TOTAL"/>
         </rim:Name>
         <rim:VersionInfo versionName="-1"/>
      </rim:Classification>
      <rim:ExternalIdentifier identificationScheme="urn:uuid:58a6f841-87b3-4a3e-92fd-a8ffeff98427"
            value="AD201601051438004^^^&amp;1.3.6.1.4.1.21367.2005.13.20.1000&amp;ISO"
            objectType="urn:oasis:names:tc:ebxml-regrep:ObjectType:RegistryObject:ExternalIdentifier"
            id="urn:uuid:e5acd963-5e29-4372-a611-8b7ca9fc1f33"
            registryObject="urn:uuid:9c6fd84f-706a-4262-9ed8-8f7ace932ec5">
         <rim:Name>
            <rim:LocalizedString value="XDSDocumentEntry.patientId"/>
         </rim:Name>
         <rim:VersionInfo versionName="-1"/>
      </rim:ExternalIdentifier>
      <rim:ExternalIdentifier identificationScheme="urn:uuid:2e82c1f6-a085-4c72-9da3-8640a32e42ab"
            value="1.42.20151217092137.16" objectType="urn:oasis:names:tc:ebxml-regrep:ObjectType:RegistryObject:ExternalIdentifier"
            id="urn:uuid:8bc091fa-260a-4599-97d8-e773c705a7b8"
            registryObject="urn:uuid:9c6fd84f-706a-4262-9ed8-8f7ace932ec5">
         <rim:Name>
            <rim:LocalizedString value="XDSDocumentEntry.uniqueId"/>
         </rim:Name>
         <rim:VersionInfo versionName="-1"/>
      </rim:ExternalIdentifier>
   </rim:ExtrinsicObject>
</rim:LeafRegistryObjectList>