
<rim:LeafRegistryObjectList xmlns:rim="urn:oasis:names:tc:ebxml-regrep:xsd:rim:3.0">
   <rim:Association associationType="urn:oasis:names:tc:ebxml-regrep:AssociationType:HasMember"
         sourceObject="urn:uuid:fce4e0af-6759-4a85-9f45-a5216d7e0d09"
         targetObject="urn:uuid:8807565c-b95d-404c-b638-964cafaa5f27"
         id="urn:uuid:9d03bdbd-5915-4b4c-b4bc-952fb89805d9"
         objectType="urn:oasis:names:tc:ebxml-regrep:ObjectType:RegistryObject:Association"
         lid="urn:uuid:9d03bdbd-5915-4b4c-b4bc-952fb89805d9">
      <rim:Slot name="SubmissionSetStatus">
         <rim:ValueList>
            <rim:Value>Original</rim:Value>
         </rim:ValueList>
      </rim:Slot>
      <rim:VersionInfo versionName="-1"/>
   </rim:Association>
</rim:LeafRegistryObjectList>