
<rim:LeafRegistryObjectList xmlns:rim="urn:oasis:names:tc:ebxml-regrep:xsd:rim:3.0">
   <rim:RegistryPackage id="urn:uuid:fce4e0af-6759-4a85-9f45-a5216d7e0d09"
         objectType="urn:oasis:names:tc:ebxml-regrep:ObjectType:RegistryObject:RegistryPackage"
         lid="urn:uuid:fce4e0af-6759-4a85-9f45-a5216d7e0d09">
      <rim:Slot name="submissionTime">
         <rim:ValueList>
            <rim:Value>20041225235050</rim:Value>
         </rim:ValueList>
      </rim:Slot>
      <rim:Name>
         <rim:LocalizedString value="Physical"/>
      </rim:Name>
      <rim:Description>
         <rim:LocalizedString value="Annual physical"/>
      </rim:Description>
      <rim:VersionInfo versionName="1"/>
      <rim:Classification classificationScheme="urn:uuid:a7058bb9-b4e4-4307-ba5b-e3f0ab85e12d"
            classifiedObject="urn:uuid:fce4e0af-6759-4a85-9f45-a5216d7e0d09"
            nodeRepresentation="" objectType="urn:oasis:names:tc:ebxml-regrep:ObjectType:RegistryObject:Classification"
            id="urn:uuid:d9b2b698-83db-4bc2-b442-8a2f8d88c9a8">
         <rim:Slot name="authorPerson">
            <rim:ValueList>
               <rim:Value>^Dopplemeyer^Sherry^^^</rim:Value>
            </rim:ValueList>
         </rim:Slot>
         <rim:Slot name="authorInstitution">
            <rim:ValueList>
               <rim:Value>Cleveland Clinic</rim:Value>
               <rim:Value>Berea Community</rim:Value>
            </rim:ValueList>
         </rim:Slot>
         <rim:Slot name="authorRole">
            <rim:ValueList>
               <rim:Value>Primary Surgon</rim:Value>
            </rim:ValueList>
         </rim:Slot>
         <rim:Slot name="authorSpecialty">
            <rim:ValueList>
               <rim:Value>Orthopedic</rim:Value>
            </rim:ValueList>
         </rim:Slot>
         <rim:VersionInfo versionName="-1"/>
      </rim:Classification>
      <rim:Classification classificationScheme="urn:uuid:aa543740-bdda-424e-8c96-df4873be8500"
            classifiedObject="urn:uuid:fce4e0af-6759-4a85-9f45-a5216d7e0d09"
            nodeRepresentation="11502-2" objectType="urn:oasis:names:tc:ebxml-regrep:ObjectType:RegistryObject:Classification"
            id="urn:uuid:367dfa3d-8ad1-4f1a-a0df-f949350a53da">
         <rim:Slot name="codingScheme">
            <rim:ValueList>
               <rim:Value>2.16.840.1.113883.6.1</rim:Value>
            </rim:ValueList>
         </rim:Slot>
         <rim:Name>
            <rim:LocalizedString value="LABORATORY REPORT.TOTAL"/>
         </rim:Name>
         <rim:VersionInfo versionName="-1"/>
      </rim:Classification>
      <rim:ExternalIdentifier identificationScheme="urn:uuid:96fdda7c-d067-4183-912e-bf5ee74998a8"
            value="1.42.20151217092137.11" objectType="urn:oasis:names:tc:ebxml-regrep:ObjectType:RegistryObject:ExternalIdentifier"
            id="urn:uuid:b66222e9-c3b9-4355-8259-dede7dfcf0d8"
            registryObject="urn:uuid:fce4e0af-6759-4a85-9f45-a5216d7e0d09">
         <rim:Name>
            <rim:LocalizedString value="XDSSubmissionSet.uniqueId"/>
         </rim:Name>
         <rim:VersionInfo versionName="-1"/>
      </rim:ExternalIdentifier>
      <rim:ExternalIdentifier identificationScheme="urn:uuid:554ac39e-e3fe-47fe-b233-965d2a147832"
            value="1.3.6.1.4.1.21367.4" objectType="urn:oasis:names:tc:ebxml-regrep:ObjectType:RegistryObject:ExternalIdentifier"
            id="urn:uuid:0c323fa5-580e-4fb8-9004-d98f5bd32aa9"
            registryObject="urn:uuid:fce4e0af-6759-4a85-9f45-a5216d7e0d09">
         <rim:Name>
            <rim:LocalizedString value="XDSSubmissionSet.sourceId"/>
         </rim:Name>
         <rim:VersionInfo versionName="-1"/>
      </rim:ExternalIdentifier>
      <rim:ExternalIdentifier identificationScheme="urn:uuid:6b5aea1a-874d-4603-a4bc-96a0a7b38446"
            value="Local Identifier: DEPT201512211322011  Print the patient identifier from the Affinity Domain for reference AD Identifier:    AD201512211322011^^^&amp;1.3.6.1.4.1.21367.2005.13.20.1000&amp;ISO"
            objectType="urn:oasis:names:tc:ebxml-regrep:ObjectType:RegistryObject:ExternalIdentifier"
            id="urn:uuid:fb0c4448-f5f0-4848-a22e-92a4d43feac3"
            registryObject="urn:uuid:fce4e0af-6759-4a85-9f45-a5216d7e0d09">
         <rim:Name>
            <rim:LocalizedString value="XDSSubmissionSet.patientId"/>
         </rim:Name>
         <rim:VersionInfo versionName="-1"/>
      </rim:ExternalIdentifier>
   </rim:RegistryPackage>
</rim:LeafRegistryObjectList>