
<rs:SubmitObjectsRequest xmlns="urn:oasis:names:tc:ebxml-regrep:rim:xsd:2.1"
      xmlns:rs="urn:oasis:names:tc:ebxml-regrep:registry:xsd:2.1">
   <LeafRegistryObjectList>
      <ObjectRef id="urn:uuid:7edca82f-054d-47f2-a032-9b2a5b518fff"/>
      <ObjectRef id="urn:uuid:a54d6aa5-d40d-43f9-88c5-b4633d873bdd"/>
      <ObjectRef id="urn:uuid:f64ffdf0-4b97-4e06-b79f-a52b38ec2f8a"/>
      <ObjectRef id="urn:uuid:96fdda7c-d067-4183-912e-bf5ee74998a8"/>
      <ObjectRef id="urn:uuid:554ac39e-e3fe-47fe-b233-965d2a147832"/>
      <ObjectRef id="urn:uuid:6b5aea1a-874d-4603-a4bc-96a0a7b38446"/>
      <ObjectRef id="urn:uuid:d9d542f3-6cc4-48b6-8870-ea235fbc94c2"/>
      <ObjectRef id="urn:uuid:f33fb8ac-18af-42cc-ae0e-ed0b0bdb91e1"/>
      <ObjectRef id="urn:uuid:aa543740-bdda-424e-8c96-df4873be8500"/>
      <ObjectRef id="urn:uuid:75df8f67-9973-4fbe-a900-df66cefecc5a"/>
      <ObjectRef id="urn:uuid:f4f85eac-e6cb-4883-b524-f2705394840f"/>
      <ObjectRef id="urn:uuid:a09d5840-386c-46f2-b5ad-9c3699a4309d"/>
      <ObjectRef id="urn:uuid:cccf5598-8b07-4b77-a05e-ae952c785ead"/>
      <ObjectRef id="urn:uuid:f0306f51-975f-434e-a61c-c59651d33983"/>
      <ObjectRef id="urn:uuid:41a5887f-8865-4c09-adf7-e362475b143a"/>
      <ObjectRef id="urn:uuid:2e82c1f6-a085-4c72-9da3-8640a32e42ab"/>
      <ObjectRef id="urn:uuid:58a6f841-87b3-4a3e-92fd-a8ffeff98427"/>
      <ObjectRef id="urn:uuid:a7058bb9-b4e4-4307-ba5b-e3f0ab85e12d"/>
      <ObjectRef id="urn:uuid:93606bcf-9494-43ec-9b4e-a7748d1a838d"/>

      <!-- mimeType is application/dicom for XDS-I KOS submission -->
      <ExtrinsicObject id="Document01" mimeType="application/dicom"
            objectType="urn:uuid:7edca82f-054d-47f2-a032-9b2a5b5186c1">

         <Name>
            <LocalizedString value="DocA"/>
         </Name>
         <Description/>
         <Slot name="creationTime">
            <ValueList>
               <Value>20160105143804</Value>
            </ValueList>
         </Slot>
         <Slot name="languageCode">
            <ValueList>
               <Value>en-us</Value>
            </ValueList>
         </Slot>
         <Slot name="serviceStartTime">
            <ValueList>
               <Value>200612230800</Value>
            </ValueList>
         </Slot>
         <Slot name="serviceStopTime">
            <ValueList>
               <Value>200612230900</Value>
            </ValueList>
         </Slot>
         <Slot name="sourcePatientId">
            <ValueList>
               <Value>DEPT201601051438004^^^&amp;1.2.3&amp;ISO</Value>
            </ValueList>
         </Slot>
         <Slot name="sourcePatientInfo">
            <ValueList>
               <Value>PID-3|DEPT201601051438004^^^&amp;1.2.3&amp;ISO</Value>
               <Value>PID-5|Sixteen^Single^^^</Value>
               <Value>PID-7|19930116</Value>
               <Value>PID-8|M</Value>
               <Value>PID-11|100 Main St^^Metropolis^Il^44130^USA</Value>
            </ValueList>
         </Slot>
         <Classification classificationScheme="urn:uuid:93606bcf-9494-43ec-9b4e-a7748d1a838d"
               classifiedObject="Document01" nodeRepresentation="">
            <Slot name="authorPerson">
               <ValueList>
                  <Value>^Smitty^Gerald^^^</Value>
               </ValueList>
            </Slot>
            <Slot name="authorInstitution">
               <ValueList>
                  <Value>Cleveland Clinic</Value>
                  <Value>Parma Community</Value>
               </ValueList>
            </Slot>
            <Slot name="authorRole">
               <ValueList>
                  <Value>Radiologist</Value>
               </ValueList>
            </Slot>
            <Slot name="authorSpecialty">
               <ValueList>
                  <Value>Radiology</Value>
               </ValueList>
            </Slot>
         </Classification>
         <Classification classificationScheme="urn:uuid:93606bcf-9494-43ec-9b4e-a7748d1a838d"
               classifiedObject="Document01" nodeRepresentation="">
            <Slot name="authorPerson">
               <ValueList>
                  <Value>^Dopplemeyer^Sherry^^^</Value>
               </ValueList>
            </Slot>
            <Slot name="authorInstitution">
               <ValueList>
                  <Value>Cleveland Clinic</Value>
                  <Value>Berea Community</Value>
               </ValueList>
            </Slot>
            <Slot name="authorRole">
               <ValueList>
                  <Value>Radiologist</Value>
               </ValueList>
            </Slot>
            <Slot name="authorSpecialty">
               <ValueList>
                  <Value>Radiology</Value>
               </ValueList>
            </Slot>
         </Classification>
         <!--  Class Code -->
         <Classification classificationScheme="urn:uuid:41a5887f-8865-4c09-adf7-e362475b143a"
               classifiedObject="Document01" nodeRepresentation="DEMO-Index">
            <Name>
               <LocalizedString value="Document Index"/>
            </Name>
            <Slot name="codingScheme">
               <ValueList>
                  <Value>1.3.6.1.4.1.21367.100.1</Value>
               </ValueList>
            </Slot>
         </Classification>
         
         <!--  Confdentiality Code -->
         <Classification classificationScheme="urn:uuid:f4f85eac-e6cb-4883-b524-f2705394840f"
               classifiedObject="Document01" nodeRepresentation="R">
            <Name>
               <LocalizedString value="Restricted"/>
            </Name>
            <Slot name="codingScheme">
               <ValueList>
                  <Value>2.16.840.1.113883.5.25</Value>
               </ValueList>
            </Slot>
         </Classification>

		 <!--  formatCode -->
         <Classification classificationScheme="urn:uuid:a09d5840-386c-46f2-b5ad-9c3699a4309d"
               classifiedObject="Document01" nodeRepresentation="1.2.840.10008.5.1.4.1.1.88.59">
            <Name>
               <LocalizedString value="1.2.840.10008.5.1.4.1.1.88.59"/>
            </Name>
            <Slot name="codingScheme">
               <ValueList>
                  <Value>1.2.840.10008.2.6.1</Value>
               </ValueList>
            </Slot>
         </Classification>
         <Classification classificationScheme="urn:uuid:f33fb8ac-18af-42cc-ae0e-ed0b0bdb91e1"
               classifiedObject="Document01" nodeRepresentation="Outpatient">
            <Name>
               <LocalizedString value="Outpatient"/>
            </Name>
            <Slot name="codingScheme">
               <ValueList>
                  <Value>Connect-a-thon healthcareFacilityTypeCodes 2</Value>
               </ValueList>
            </Slot>
         </Classification>

		<!-- practiceSettingCode for XDS-I -->
         <Classification classificationScheme="urn:uuid:cccf5598-8b07-4b77-a05e-ae952c785ead"
               classifiedObject="Document01" nodeRepresentation="R-3027B">
            <Name>
               <LocalizedString value="Radiology"/>
            </Name>
            <Slot name="codingScheme">
               <ValueList>
                  <Value>SRT</Value>
               </ValueList>
            </Slot>
         </Classification>

<!-- Original from xdstools2
         <Classification classificationScheme="urn:uuid:2c6b8cb7-8b2a-4051-b291-b1ae6a575ef4"
               classifiedObject="Document01" nodeRepresentation="T-D4909">
            <Name>
               <LocalizedString value="Kidney"/>
            </Name>
            <Slot name="codingScheme">
               <ValueList>
                  <Value>SNM3</Value>
               </ValueList>
            </Slot>
         </Classification>
         <Classification classificationScheme="urn:uuid:2c6b8cb7-8b2a-4051-b291-b1ae6a575ef4"
               classifiedObject="Document01" nodeRepresentation="T-62002">
            <Name>
               <LocalizedString value="Liver"/>
            </Name>
            <Slot name="codingScheme">
               <ValueList>
                  <Value>SNM3</Value>
               </ValueList>
            </Slot>
         </Classification>
-->
<!-- eventCodeList for XDS-I. This is the list of modalities and anatomic regions -->
         <Classification classificationScheme="urn:uuid:2c6b8cb7-8b2a-4051-b291-b1ae6a575ef4"
               classifiedObject="Document01" nodeRepresentation="CT">
            <Name>
               <LocalizedString value="Computed Tomography"/>
            </Name>
            <Slot name="codingScheme">
               <ValueList>
                  <Value>DCM</Value>
               </ValueList>
            </Slot>
         </Classification>
         <Classification classificationScheme="urn:uuid:2c6b8cb7-8b2a-4051-b291-b1ae6a575ef4"
               classifiedObject="Document01" nodeRepresentation="R-FAB55">
            <Name>
               <LocalizedString value="Chest and Abdomen"/>
            </Name>
            <Slot name="codingScheme">
               <ValueList>
                  <Value>SRT</Value>
               </ValueList>
            </Slot>
         </Classification>
<!-- End XDS-I -->

         <Classification classificationScheme="urn:uuid:f0306f51-975f-434e-a61c-c59651d33983"
               classifiedObject="Document01" nodeRepresentation="11502-2">
            <Name>
               <LocalizedString value="LABORATORY REPORT.TOTAL"/>
            </Name>
            <Slot name="codingScheme">
               <ValueList>
                  <Value>2.16.840.1.113883.6.1</Value>
               </ValueList>
            </Slot>
         </Classification>
         <ExternalIdentifier identificationScheme="urn:uuid:58a6f841-87b3-4a3e-92fd-a8ffeff98427"
               value="$patientid$">
            <Name>
               <LocalizedString value="XDSDocumentEntry.patientId"/>
            </Name>
         </ExternalIdentifier>
         <ExternalIdentifier identificationScheme="urn:uuid:2e82c1f6-a085-4c72-9da3-8640a32e42ab"
               value="2.25.211758368588138544112217471726777118807">
            <Name>
               <LocalizedString value="XDSDocumentEntry.uniqueId"/>
            </Name>
         </ExternalIdentifier>
      </ExtrinsicObject>
      <RegistryPackage id="SubmissionSet01">
         <Name>
            <LocalizedString value="Physical"/>
         </Name>
         <Description>
            <LocalizedString value="Annual physical"/>
         </Description>
         <Slot name="submissionTime">
            <ValueList>
               <Value>20041225235050</Value>
            </ValueList>
         </Slot>
         <Classification classificationScheme="urn:uuid:a7058bb9-b4e4-4307-ba5b-e3f0ab85e12d"
               classifiedObject="SubmissionSet01" nodeRepresentation="">
            <Slot name="authorPerson">
               <ValueList>
                  <Value>^Dopplemeyer^Sherry^^^</Value>
               </ValueList>
            </Slot>
            <Slot name="authorInstitution">
               <ValueList>
                  <Value>Cleveland Clinic</Value>
                  <Value>Berea Community</Value>
               </ValueList>
            </Slot>
            <Slot name="authorRole">
               <ValueList>
                  <Value>Primary Surgon</Value>
               </ValueList>
            </Slot>
            <Slot name="authorSpecialty">
               <ValueList>
                  <Value>Orthopedic</Value>
               </ValueList>
            </Slot>
         </Classification>
         <Classification classificationScheme="urn:uuid:aa543740-bdda-424e-8c96-df4873be8500"
               classifiedObject="SubmissionSet01" nodeRepresentation="11502-2">
            <Name>
               <LocalizedString value="LABORATORY REPORT.TOTAL"/>
            </Name>
            <Slot name="codingScheme">
               <ValueList>
                  <Value>2.16.840.1.113883.6.1</Value>
               </ValueList>
            </Slot>
         </Classification>
         <ExternalIdentifier identificationScheme="urn:uuid:96fdda7c-d067-4183-912e-bf5ee74998a8"
               value="SubmissionSet01">
            <Name>
               <LocalizedString value="XDSSubmissionSet.uniqueId"/>
            </Name>
         </ExternalIdentifier>
         <ExternalIdentifier identificationScheme="urn:uuid:554ac39e-e3fe-47fe-b233-965d2a147832"
               value="1.3.6.1.4.1.21367.2008.1.2.178">
            <Name>
               <LocalizedString value="XDSSubmissionSet.sourceId"/>
            </Name>
         </ExternalIdentifier>
         <ExternalIdentifier identificationScheme="urn:uuid:6b5aea1a-874d-4603-a4bc-96a0a7b38446"
               value="$patientid$">
            <Name>
               <LocalizedString value="XDSSubmissionSet.patientId"/>
            </Name>
         </ExternalIdentifier>
      </RegistryPackage>
      <Classification classifiedObject="SubmissionSet01"
            classificationNode="urn:uuid:a54d6aa5-d40d-43f9-88c5-b4633d873bdd"/>
      <Association associationType="HasMember" sourceObject="SubmissionSet01"
            targetObject="Document01">
         <Slot name="SubmissionSetStatus">
            <ValueList>
               <Value>Original</Value>
            </ValueList>
         </Slot>
      </Association>
   </LeafRegistryObjectList>
</rs:SubmitObjectsRequest>
