<?xml version="1.0" encoding="UTF-8"?>
<NativeDicomModel xml-space="preserved">
	<DicomAttribute keyword="PatientName" tag="00100010" vr="PN">
		<PersonName number="1">
			<Alphabetic>
				<FamilyName>JOHN^DOE</FamilyName>
			</Alphabetic>
		</PersonName>
	</DicomAttribute>
		<DicomAttribute keyword="PatientID" tag="00100020" vr="LO">
		<Value number="1">222111</Value>
	</DicomAttribute>
		<DicomAttribute keyword="PatientBirthDate" tag="00100030" vr="DA">
		<Value number="1">20080822</Value>
	</DicomAttribute>
		<DicomAttribute keyword="PatientSex" tag="00100040" vr="CS">
		<Value number="1">0000</Value>
	</DicomAttribute>
		<DicomAttribute keyword="IssuerOfPatientID" tag="00100021" vr="LO">
		<Value number="1">041G04:20061118:120819573:001183</Value>
	</DicomAttribute>
	<DicomAttribute keyword="StudyInstanceUID" tag="0020000D" vr="UI">
		<Value number="1">2.16.840.1.113669.632.20.121711.10000158860</Value>
	</DicomAttribute>
		<DicomAttribute keyword="StudyDate" tag="00080020" vr="DA">
		<Value number="1">20080729</Value>
	</DicomAttribute>
		<DicomAttribute keyword="StudyTime" tag="00080030" vr="TM">
		<Value number="1">125554.000000</Value>
	</DicomAttribute>
		<DicomAttribute keyword="ReferringPhysicianName" tag="00080090" vr="PN">
		<PersonName number="1">
			<Alphabetic>
				<FamilyName>JANE</FamilyName>
				<GivenName>DOE</GivenName>
			</Alphabetic>
		</PersonName>
	</DicomAttribute>
		<DicomAttribute keyword="StudyID" tag="00200010" vr="SH">
		<Value number="1">333111</Value>
	</DicomAttribute>
		<DicomAttribute keyword="AccessionNumber" tag="00080050" vr="SH">
		<Value number="1">A10003204947</Value>
	</DicomAttribute>
	<DicomAttribute keyword="StudyDescription" tag="00081030" vr="LO">
		<Value number="1">CAT SCAN CARDIAC</Value>
	</DicomAttribute>
		<DicomAttribute keyword="Modality" tag="00080060" vr="CS">
		<Value number="1">CT</Value>
	</DicomAttribute>
		<DicomAttribute keyword="SeriesInstanceUID" tag="0020000E" vr="UI">
		<Value number="1">1.2.840.113704.1.111.5224.1217330018.18</Value>
	</DicomAttribute>
		<DicomAttribute keyword="Manufacturer" tag="00080070" vr="LO">
		<Value number="1">SomeManufacturer</Value>
	</DicomAttribute>
	<DicomAttribute keyword="InstanceNumber" tag="00200013" vr="IS">
		<Value number="1">1000</Value>
	</DicomAttribute>
	<DicomAttribute keyword="SOPClassUID" tag="00080016" vr="UI">
		<Value number="1">1.2.840.10008.5.1.4.1.1.2</Value>
	</DicomAttribute>
		<DicomAttribute keyword="SOPInstanceUID" tag="00080018" vr="UI">
		<Value number="1">1.2.840.113704.1.111.3080.1217330248.7779</Value>
	</DicomAttribute>
	</NativeDicomModel>
	
