<?xml version="1.0" encoding="UTF-8"?>
<NativeDicomModel xml-space="preserved">
	<DicomAttribute keyword="PatientName" tag="00100010" vr="PN">
		<PersonName number="1">
			<Alphabetic>
				<FamilyName>JOHN^DOE</FamilyName>
			</Alphabetic>
		</PersonName>
	</DicomAttribute>
		<DicomAttribute keyword="PatientID" tag="00100020" vr="LO">
		<Value number="1">222111</Value>
	</DicomAttribute>
		<DicomAttribute keyword="PatientBirthDate" tag="00100030" vr="DA">
		<Value number="1">20080822</Value>
	</DicomAttribute>
		<DicomAttribute keyword="PatientSex" tag="00100040" vr="CS">
		<Value number="1">0000</Value>
	</DicomAttribute>
		<DicomAttribute keyword="IssuerOfPatientID" tag="00100021" vr="LO">
		<Value number="1">041G04:20061118:120819573:001183</Value>
	</DicomAttribute>
	<DicomAttribute keyword="StudyInstanceUID" tag="0020000D" vr="UI">
		<Value number="1">2.16.840.1.113669.632.20.121711.10000158860</Value>
	</DicomAttribute>
		<DicomAttribute keyword="StudyDate" tag="00080020" vr="DA">
		<Value number="1">20080729</Value>
	</DicomAttribute>
		<DicomAttribute keyword="StudyTime" tag="00080030" vr="TM">
		<Value number="1">125554.000000</Value>
	</DicomAttribute>
		<DicomAttribute keyword="ReferringPhysicianName" tag="00080090" vr="PN">
		<PersonName number="1">
			<Alphabetic>
				<FamilyName>JANE</FamilyName>
				<GivenName>DOE</GivenName>
			</Alphabetic>
		</PersonName>
	</DicomAttribute>
		<DicomAttribute keyword="StudyID" tag="00200010" vr="SH">
		<Value number="1">333111</Value>
	</DicomAttribute>
		<DicomAttribute keyword="AccessionNumber" tag="00080050" vr="SH">
		<Value number="1">A10003204947</Value>
	</DicomAttribute>
	<DicomAttribute keyword="StudyDescription" tag="00081030" vr="LO">
		<Value number="1">CAT SCAN CARDIAC</Value>
	</DicomAttribute>
		<DicomAttribute keyword="Modality" tag="00080060" vr="CS">
		<Value number="1">CT</Value>
	</DicomAttribute>
		<DicomAttribute keyword="SeriesInstanceUID" tag="0020000E" vr="UI">
		<Value number="1">1.2.840.113704.1.111.5224.1217330018.18</Value>
	</DicomAttribute>
		<DicomAttribute keyword="Manufacturer" tag="00080070" vr="LO">
		<Value number="1">SomeManufacturer</Value>
	</DicomAttribute>
	<DicomAttribute keyword="InstanceNumber" tag="00200013" vr="IS">
		<Value number="1">1000</Value>
	</DicomAttribute>
	<DicomAttribute keyword="SOPClassUID" tag="00080016" vr="UI">
		<Value number="1">1.2.840.10008.5.1.4.1.1.77.1.4.1</Value>
	</DicomAttribute>
		<DicomAttribute keyword="SOPInstanceUID" tag="00080018" vr="UI">
		<Value number="1">1.2.840.113704.1.111.3080.1217330248.7779</Value>
	</DicomAttribute>
	
			<DicomAttribute keyword="FrameTime" tag="00181063" vr="DS">
		<Value number="1">40.0</Value>
	</DicomAttribute>
	
		<DicomAttribute keyword="NumberOfFrames" tag="00280008" vr="IS">
		<Value number="1">780</Value>
	</DicomAttribute>
	
	<DicomAttribute keyword="FrameIncrementPointer" tag="00280009" vr="AT">
		<Value number="1">00181063</Value>
	</DicomAttribute>
	<DicomAttribute keyword="SamplesPerPixel" tag="00280002" vr="US">
		<Value number="1">3</Value>
	</DicomAttribute>
	<DicomAttribute keyword="PhotometricInterpretation" tag="00280004" vr="CS">
		<Value number="1">YBR_PARTIAL_420</Value>
	</DicomAttribute>
	<DicomAttribute keyword="PlanarConfiguration" tag="00280006" vr="CS">
		<Value number="1">0</Value>
	</DicomAttribute>
	<DicomAttribute keyword="Rows" tag="00280010" vr="US">
		<Value number="1">480</Value>
	</DicomAttribute>
	<DicomAttribute keyword="Columns" tag="00280011" vr="US">
		<Value number="1">720</Value>
	</DicomAttribute>
	<DicomAttribute keyword="BitsAllocated" tag="00280100" vr="US">
		<Value number="1">8</Value>
	</DicomAttribute>
		<DicomAttribute keyword="BitsStored" tag="00280101" vr="US">
		<Value number="1">8</Value>
	</DicomAttribute>
		<DicomAttribute keyword="HighBit" tag="00280102" vr="US">
		<Value number="1">7</Value>
	</DicomAttribute>
		<DicomAttribute keyword="PixelRepresentation" tag="00280103" vr="US">
		<Value number="1">0</Value>
	</DicomAttribute>
		<DicomAttribute keyword="ImageType" tag="00080008" vr="CS">
		<Value number="1">ORIGINAL</Value>
        <Value number="2">PRIMARY</Value>
	</DicomAttribute>
	<DicomAttribute keyword="LossyImageCompression" tag="00282110" vr="CS">
		<Value number="1">01</Value>
	</DicomAttribute>
	</NativeDicomModel>
	
