
<rim:LeafRegistryObjectList xmlns:rim="urn:oasis:names:tc:ebxml-regrep:xsd:rim:3.0">
   <rim:ExtrinsicObject id="urn:uuid:64b4ef6e-f72e-4ce9-8f26-cfc69a3d2e98"
         mimeType="application/dicom" objectType="urn:uuid:7edca82f-054d-47f2-a032-9b2a5b5186c1"
         lid="urn:uuid:64b4ef6e-f72e-4ce9-8f26-cfc69a3d2e98">
      <rim:Slot name="repositoryUniqueId">
         <rim:ValueList>
            <rim:Value>1.1.4567332.1.1</rim:Value>
         </rim:ValueList>
      </rim:Slot>
      <rim:Slot name="hash">
         <rim:ValueList>
            <rim:Value>7179f8487d4d2c553cae147db5c1c58231873814</rim:Value>
         </rim:ValueList>
      </rim:Slot>
      <rim:Slot name="size">
         <rim:ValueList>
            <rim:Value>1459</rim:Value>
         </rim:ValueList>
      </rim:Slot>
      <rim:Slot name="creationTime">
         <rim:ValueList>
            <rim:Value>20151217090551</rim:Value>
         </rim:ValueList>
      </rim:Slot>
      <rim:Slot name="languageCode">
         <rim:ValueList>
            <rim:Value>en-us</rim:Value>
         </rim:ValueList>
      </rim:Slot>
      <rim:Slot name="serviceStartTime">
         <rim:ValueList>
            <rim:Value>200612230800</rim:Value>
         </rim:ValueList>
      </rim:Slot>
      <rim:Slot name="serviceStopTime">
         <rim:ValueList>
            <rim:Value>200612230900</rim:Value>
         </rim:ValueList>
      </rim:Slot>
      <rim:Slot name="sourcePatientId">
         <rim:ValueList>
            <rim:Value>DEPT201512170905042^^^&amp;1.2.3&amp;ISO</rim:Value>
         </rim:ValueList>
      </rim:Slot>
      <rim:Slot name="sourcePatientInfo">
         <rim:ValueList>
            <rim:Value>PID-3|DEPT201512170905042^^^&amp;1.2.3&amp;ISO</rim:Value>
            <rim:Value>PID-5|Moulton^Fred^^^</rim:Value>
            <rim:Value>PID-7|19640101</rim:Value>
            <rim:Value>PID-8|M</rim:Value>
            <rim:Value>PID-11|100 Main St^^Metropolis^Il^44130^USA</rim:Value>
         </rim:ValueList>
      </rim:Slot>
      <rim:Name>
         <rim:LocalizedString value="DocA"/>
      </rim:Name>
      <rim:Description/>
      <rim:VersionInfo versionName="1"/>
      <rim:Classification classificationScheme="urn:uuid:93606bcf-9494-43ec-9b4e-a7748d1a838d"
            classifiedObject="urn:uuid:64b4ef6e-f72e-4ce9-8f26-cfc69a3d2e98"
            nodeRepresentation="" objectType="urn:oasis:names:tc:ebxml-regrep:ObjectType:RegistryObject:Classification"
            id="urn:uuid:07270a27-22ce-419e-abc9-e84511dc817f">
         <rim:Slot name="authorPerson">
            <rim:ValueList>
               <rim:Value>^Smitty^Gerald^^^</rim:Value>
            </rim:ValueList>
         </rim:Slot>
         <rim:Slot name="authorInstitution">
            <rim:ValueList>
               <rim:Value>Cleveland Clinic</rim:Value>
               <rim:Value>Parma Community</rim:Value>
            </rim:ValueList>
         </rim:Slot>
         <rim:Slot name="authorRole">
            <rim:ValueList>
               <rim:Value>Radiologist</rim:Value>
            </rim:ValueList>
         </rim:Slot>
         <rim:Slot name="authorSpecialty">
            <rim:ValueList>
               <rim:Value>Radiology</rim:Value>
            </rim:ValueList>
         </rim:Slot>
         <rim:VersionInfo versionName="-1"/>
      </rim:Classification>
      <rim:Classification classificationScheme="urn:uuid:93606bcf-9494-43ec-9b4e-a7748d1a838d"
            classifiedObject="urn:uuid:64b4ef6e-f72e-4ce9-8f26-cfc69a3d2e98"
            nodeRepresentation="" objectType="urn:oasis:names:tc:ebxml-regrep:ObjectType:RegistryObject:Classification"
            id="urn:uuid:ecfd5f7e-ed25-45d3-8dd8-bff5e1cf1e92">
         <rim:Slot name="authorPerson">
            <rim:ValueList>
               <rim:Value>^Dopplemeyer^Sherry^^^</rim:Value>
            </rim:ValueList>
         </rim:Slot>
         <rim:Slot name="authorInstitution">
            <rim:ValueList>
               <rim:Value>Cleveland Clinic</rim:Value>
               <rim:Value>Berea Community</rim:Value>
            </rim:ValueList>
         </rim:Slot>
         <rim:Slot name="authorRole">
            <rim:ValueList>
               <rim:Value>Radiologist</rim:Value>
            </rim:ValueList>
         </rim:Slot>
         <rim:Slot name="authorSpecialty">
            <rim:ValueList>
               <rim:Value>Radiology</rim:Value>
            </rim:ValueList>
         </rim:Slot>
         <rim:VersionInfo versionName="-1"/>
      </rim:Classification>
      <rim:Classification classificationScheme="urn:uuid:41a5887f-8865-4c09-adf7-e362475b143a"
            classifiedObject="urn:uuid:64b4ef6e-f72e-4ce9-8f26-cfc69a3d2e98"
            nodeRepresentation="DEMO-Index" objectType="urn:oasis:names:tc:ebxml-regrep:ObjectType:RegistryObject:Classification"
            id="urn:uuid:babbdc5b-9240-4df2-b893-fad9945059fb">
         <rim:Slot name="codingScheme">
            <rim:ValueList>
               <rim:Value>1.3.6.1.4.1.21367.100.1</rim:Value>
            </rim:ValueList>
         </rim:Slot>
         <rim:Name>
            <rim:LocalizedString value="Document Index"/>
         </rim:Name>
         <rim:VersionInfo versionName="-1"/>
      </rim:Classification>
      <rim:Classification classificationScheme="urn:uuid:f4f85eac-e6cb-4883-b524-f2705394840f"
            classifiedObject="urn:uuid:64b4ef6e-f72e-4ce9-8f26-cfc69a3d2e98"
            nodeRepresentation="R" objectType="urn:oasis:names:tc:ebxml-regrep:ObjectType:RegistryObject:Classification"
            id="urn:uuid:8c765b44-9d60-4cfa-aba8-eaed23bb8374">
         <rim:Slot name="codingScheme">
            <rim:ValueList>
               <rim:Value>2.16.840.1.113883.5.25</rim:Value>
            </rim:ValueList>
         </rim:Slot>
         <rim:Name>
            <rim:LocalizedString value="Restricted"/>
         </rim:Name>
         <rim:VersionInfo versionName="-1"/>
      </rim:Classification>
      <rim:Classification classificationScheme="urn:uuid:a09d5840-386c-46f2-b5ad-9c3699a4309d"
            classifiedObject="urn:uuid:64b4ef6e-f72e-4ce9-8f26-cfc69a3d2e98"
            nodeRepresentation="1.2.840.10008.5.1.4.1.1.88.59"
            objectType="urn:oasis:names:tc:ebxml-regrep:ObjectType:RegistryObject:Classification"
            id="urn:uuid:c5fa9e2b-cf55-4066-bef8-e45607ad5187">
         <rim:Slot name="codingScheme">
            <rim:ValueList>
               <rim:Value>1.2.840.10008.2.6.1</rim:Value>
            </rim:ValueList>
         </rim:Slot>
         <rim:Name>
            <rim:LocalizedString value="1.2.840.10008.5.1.4.1.1.88.59"/>
         </rim:Name>
         <rim:VersionInfo versionName="-1"/>
      </rim:Classification>
      <rim:Classification classificationScheme="urn:uuid:f33fb8ac-18af-42cc-ae0e-ed0b0bdb91e1"
            classifiedObject="urn:uuid:64b4ef6e-f72e-4ce9-8f26-cfc69a3d2e98"
            nodeRepresentation="Outpatient" objectType="urn:oasis:names:tc:ebxml-regrep:ObjectType:RegistryObject:Classification"
            id="urn:uuid:5d3be8c9-1f0a-47c7-b9c2-b8d7c442ad23">
         <rim:Slot name="codingScheme">
            <rim:ValueList>
               <rim:Value>Connect-a-thon healthcareFacilityTypeCodes 2</rim:Value>
            </rim:ValueList>
         </rim:Slot>
         <rim:Name>
            <rim:LocalizedString value="Outpatient"/>
         </rim:Name>
         <rim:VersionInfo versionName="-1"/>
      </rim:Classification>
      <rim:Classification classificationScheme="urn:uuid:cccf5598-8b07-4b77-a05e-ae952c785ead"
            classifiedObject="urn:uuid:64b4ef6e-f72e-4ce9-8f26-cfc69a3d2e98"
            nodeRepresentation="R-3027B" objectType="urn:oasis:names:tc:ebxml-regrep:ObjectType:RegistryObject:Classification"
            id="urn:uuid:b70325e4-cd6c-4b14-bbb9-e1c4ea4369f4">
         <rim:Slot name="codingScheme">
            <rim:ValueList>
               <rim:Value>SRT</rim:Value>
            </rim:ValueList>
         </rim:Slot>
         <rim:Name>
            <rim:LocalizedString value="Radiology"/>
         </rim:Name>
         <rim:VersionInfo versionName="-1"/>
      </rim:Classification>
      <rim:Classification classificationScheme="urn:uuid:2c6b8cb7-8b2a-4051-b291-b1ae6a575ef4"
            classifiedObject="urn:uuid:64b4ef6e-f72e-4ce9-8f26-cfc69a3d2e98"
            nodeRepresentation="CT" objectType="urn:oasis:names:tc:ebxml-regrep:ObjectType:RegistryObject:Classification"
            id="urn:uuid:ed19d4a4-0fa2-48f5-a06c-8a36f6dcdb06">
         <rim:Slot name="codingScheme">
            <rim:ValueList>
               <rim:Value>DCM</rim:Value>
            </rim:ValueList>
         </rim:Slot>
         <rim:Name>
            <rim:LocalizedString value="Computed Tomography"/>
         </rim:Name>
         <rim:VersionInfo versionName="-1"/>
      </rim:Classification>
      <rim:Classification classificationScheme="urn:uuid:2c6b8cb7-8b2a-4051-b291-b1ae6a575ef4"
            classifiedObject="urn:uuid:64b4ef6e-f72e-4ce9-8f26-cfc69a3d2e98"
            nodeRepresentation="R-FAB55" objectType="urn:oasis:names:tc:ebxml-regrep:ObjectType:RegistryObject:Classification"
            id="urn:uuid:282c10e8-6482-4f53-92c7-882e1ecb4d48">
         <rim:Slot name="codingScheme">
            <rim:ValueList>
               <rim:Value>SRT</rim:Value>
            </rim:ValueList>
         </rim:Slot>
         <rim:Name>
            <rim:LocalizedString value="Chest and Abdomen"/>
         </rim:Name>
         <rim:VersionInfo versionName="-1"/>
      </rim:Classification>
      <rim:Classification classificationScheme="urn:uuid:f0306f51-975f-434e-a61c-c59651d33983"
            classifiedObject="urn:uuid:64b4ef6e-f72e-4ce9-8f26-cfc69a3d2e98"
            nodeRepresentation="11502-2" objectType="urn:oasis:names:tc:ebxml-regrep:ObjectType:RegistryObject:Classification"
            id="urn:uuid:41b8a34f-7053-4aad-a955-be3eafe8bb5a">
         <rim:Slot name="codingScheme">
            <rim:ValueList>
               <rim:Value>2.16.840.1.113883.6.1</rim:Value>
            </rim:ValueList>
         </rim:Slot>
         <rim:Name>
            <rim:LocalizedString value="LABORATORY REPORT.TOTAL"/>
         </rim:Name>
         <rim:VersionInfo versionName="-1"/>
      </rim:Classification>
      <rim:ExternalIdentifier identificationScheme="urn:uuid:58a6f841-87b3-4a3e-92fd-a8ffeff98427"
            value="AD201512170905042^^^&amp;1.3.6.1.4.1.21367.2005.13.20.1000&amp;ISO"
            objectType="urn:oasis:names:tc:ebxml-regrep:ObjectType:RegistryObject:ExternalIdentifier"
            id="urn:uuid:abd5699a-fe01-4bd4-9ece-8ac173e822fe"
            registryObject="urn:uuid:64b4ef6e-f72e-4ce9-8f26-cfc69a3d2e98">
         <rim:Name>
            <rim:LocalizedString value="XDSDocumentEntry.patientId"/>
         </rim:Name>
         <rim:VersionInfo versionName="-1"/>
      </rim:ExternalIdentifier>
      <rim:ExternalIdentifier identificationScheme="urn:uuid:2e82c1f6-a085-4c72-9da3-8640a32e42ab"
            value="1.42.20151217092137.2" objectType="urn:oasis:names:tc:ebxml-regrep:ObjectType:RegistryObject:ExternalIdentifier"
            id="urn:uuid:4a655c3b-4db7-4e3d-a3a1-9a151ed3ff25"
            registryObject="urn:uuid:64b4ef6e-f72e-4ce9-8f26-cfc69a3d2e98">
         <rim:Name>
            <rim:LocalizedString value="XDSDocumentEntry.uniqueId"/>
         </rim:Name>
         <rim:VersionInfo versionName="-1"/>
      </rim:ExternalIdentifier>
   </rim:ExtrinsicObject>
</rim:LeafRegistryObjectList>