
<rim:LeafRegistryObjectList xmlns:rim="urn:oasis:names:tc:ebxml-regrep:xsd:rim:3.0">
   <rim:RegistryPackage id="urn:uuid:81b03d5e-24a9-497e-8b5b-9195a4f09267"
         objectType="urn:oasis:names:tc:ebxml-regrep:ObjectType:RegistryObject:RegistryPackage"
         lid="urn:uuid:81b03d5e-24a9-497e-8b5b-9195a4f09267">
      <rim:Slot name="submissionTime">
         <rim:ValueList>
            <rim:Value>20041225235050</rim:Value>
         </rim:ValueList>
      </rim:Slot>
      <rim:Name>
         <rim:LocalizedString value="Physical"/>
      </rim:Name>
      <rim:Description>
         <rim:LocalizedString value="Annual physical"/>
      </rim:Description>
      <rim:VersionInfo versionName="1"/>
      <rim:Classification classificationScheme="urn:uuid:a7058bb9-b4e4-4307-ba5b-e3f0ab85e12d"
            classifiedObject="urn:uuid:81b03d5e-24a9-497e-8b5b-9195a4f09267"
            nodeRepresentation="" objectType="urn:oasis:names:tc:ebxml-regrep:ObjectType:RegistryObject:Classification"
            id="urn:uuid:bc02b3b5-358d-467a-9e80-eb454cdbf980">
         <rim:Slot name="authorPerson">
            <rim:ValueList>
               <rim:Value>^Dopplemeyer^Sherry^^^</rim:Value>
            </rim:ValueList>
         </rim:Slot>
         <rim:Slot name="authorInstitution">
            <rim:ValueList>
               <rim:Value>Cleveland Clinic</rim:Value>
               <rim:Value>Berea Community</rim:Value>
            </rim:ValueList>
         </rim:Slot>
         <rim:Slot name="authorRole">
            <rim:ValueList>
               <rim:Value>Primary Surgon</rim:Value>
            </rim:ValueList>
         </rim:Slot>
         <rim:Slot name="authorSpecialty">
            <rim:ValueList>
               <rim:Value>Orthopedic</rim:Value>
            </rim:ValueList>
         </rim:Slot>
         <rim:VersionInfo versionName="-1"/>
      </rim:Classification>
      <rim:Classification classificationScheme="urn:uuid:aa543740-bdda-424e-8c96-df4873be8500"
            classifiedObject="urn:uuid:81b03d5e-24a9-497e-8b5b-9195a4f09267"
            nodeRepresentation="11502-2" objectType="urn:oasis:names:tc:ebxml-regrep:ObjectType:RegistryObject:Classification"
            id="urn:uuid:cee85d97-e189-47a4-99e9-8530ff9b1340">
         <rim:Slot name="codingScheme">
            <rim:ValueList>
               <rim:Value>2.16.840.1.113883.6.1</rim:Value>
            </rim:ValueList>
         </rim:Slot>
         <rim:Name>
            <rim:LocalizedString value="LABORATORY REPORT.TOTAL"/>
         </rim:Name>
         <rim:VersionInfo versionName="-1"/>
      </rim:Classification>
      <rim:ExternalIdentifier identificationScheme="urn:uuid:96fdda7c-d067-4183-912e-bf5ee74998a8"
            value="1.42.20151217092137.9" objectType="urn:oasis:names:tc:ebxml-regrep:ObjectType:RegistryObject:ExternalIdentifier"
            id="urn:uuid:9748c755-1970-4590-a4ab-d7cd232696e8"
            registryObject="urn:uuid:81b03d5e-24a9-497e-8b5b-9195a4f09267">
         <rim:Name>
            <rim:LocalizedString value="XDSSubmissionSet.uniqueId"/>
         </rim:Name>
         <rim:VersionInfo versionName="-1"/>
      </rim:ExternalIdentifier>
      <rim:ExternalIdentifier identificationScheme="urn:uuid:554ac39e-e3fe-47fe-b233-965d2a147832"
            value="1.3.6.1.4.1.21367.4" objectType="urn:oasis:names:tc:ebxml-regrep:ObjectType:RegistryObject:ExternalIdentifier"
            id="urn:uuid:24f6c20d-7c08-4f82-8678-f8339117d180"
            registryObject="urn:uuid:81b03d5e-24a9-497e-8b5b-9195a4f09267">
         <rim:Name>
            <rim:LocalizedString value="XDSSubmissionSet.sourceId"/>
         </rim:Name>
         <rim:VersionInfo versionName="-1"/>
      </rim:ExternalIdentifier>
      <rim:ExternalIdentifier identificationScheme="urn:uuid:6b5aea1a-874d-4603-a4bc-96a0a7b38446"
            value="AD201512170905042^^^&amp;1.3.6.1.4.1.21367.2005.13.20.1000&amp;ISO"
            objectType="urn:oasis:names:tc:ebxml-regrep:ObjectType:RegistryObject:ExternalIdentifier"
            id="urn:uuid:8f8d1d57-6c66-42fa-b152-df8d6cc491a9"
            registryObject="urn:uuid:81b03d5e-24a9-497e-8b5b-9195a4f09267">
         <rim:Name>
            <rim:LocalizedString value="XDSSubmissionSet.patientId"/>
         </rim:Name>
         <rim:VersionInfo versionName="-1"/>
      </rim:ExternalIdentifier>
   </rim:RegistryPackage>
</rim:LeafRegistryObjectList>