
<rim:LeafRegistryObjectList xmlns:rim="urn:oasis:names:tc:ebxml-regrep:xsd:rim:3.0">
   <rim:ExtrinsicObject id="urn:uuid:6cbc7fad-1244-41b6-81e3-fbd143f11896"
         mimeType="application/dicom" objectType="urn:uuid:7edca82f-054d-47f2-a032-9b2a5b5186c1"
         lid="urn:uuid:6cbc7fad-1244-41b6-81e3-fbd143f11896">
      <rim:Slot name="repositoryUniqueId">
         <rim:ValueList>
            <rim:Value>1.1.4567332.1.1</rim:Value>
         </rim:ValueList>
      </rim:Slot>
      <rim:Slot name="hash">
         <rim:ValueList>
            <rim:Value>405cf42dcbaa2bacf353431f4a98c188e331902b</rim:Value>
         </rim:ValueList>
      </rim:Slot>
      <rim:Slot name="size">
         <rim:ValueList>
            <rim:Value>6832</rim:Value>
         </rim:ValueList>
      </rim:Slot>
      <rim:Slot name="creationTime">
         <rim:ValueList>
            <rim:Value>20151217090551</rim:Value>
         </rim:ValueList>
      </rim:Slot>
      <rim:Slot name="languageCode">
         <rim:ValueList>
            <rim:Value>en-us</rim:Value>
         </rim:ValueList>
      </rim:Slot>
      <rim:Slot name="serviceStartTime">
         <rim:ValueList>
            <rim:Value>200612230800</rim:Value>
         </rim:ValueList>
      </rim:Slot>
      <rim:Slot name="serviceStopTime">
         <rim:ValueList>
            <rim:Value>200612230900</rim:Value>
         </rim:ValueList>
      </rim:Slot>
      <rim:Slot name="sourcePatientId">
         <rim:ValueList>
            <rim:Value>DEPT201512170905042^^^&amp;1.2.3&amp;ISO</rim:Value>
         </rim:ValueList>
      </rim:Slot>
      <rim:Slot name="sourcePatientInfo">
         <rim:ValueList>
            <rim:Value>PID-3|DEPT201512170905042^^^&amp;1.2.3&amp;ISO</rim:Value>
            <rim:Value>PID-5|Moulton^Fred^^^</rim:Value>
            <rim:Value>PID-7|19640101</rim:Value>
            <rim:Value>PID-8|M</rim:Value>
            <rim:Value>PID-11|100 Main St^^Metropolis^Il^44130^USA</rim:Value>
         </rim:ValueList>
      </rim:Slot>
      <rim:Name>
         <rim:LocalizedString value="DocA"/>
      </rim:Name>
      <rim:Description/>
      <rim:VersionInfo versionName="1"/>
      <rim:Classification classificationScheme="urn:uuid:93606bcf-9494-43ec-9b4e-a7748d1a838d"
            classifiedObject="urn:uuid:6cbc7fad-1244-41b6-81e3-fbd143f11896"
            nodeRepresentation="" objectType="urn:oasis:names:tc:ebxml-regrep:ObjectType:RegistryObject:Classification"
            id="urn:uuid:3749264a-532a-4f81-b956-94f525a565e6">
         <rim:Slot name="authorPerson">
            <rim:ValueList>
               <rim:Value>^Smitty^Gerald^^^</rim:Value>
            </rim:ValueList>
         </rim:Slot>
         <rim:Slot name="authorInstitution">
            <rim:ValueList>
               <rim:Value>Cleveland Clinic</rim:Value>
               <rim:Value>Parma Community</rim:Value>
            </rim:ValueList>
         </rim:Slot>
         <rim:Slot name="authorRole">
            <rim:ValueList>
               <rim:Value>Radiologist</rim:Value>
            </rim:ValueList>
         </rim:Slot>
         <rim:Slot name="authorSpecialty">
            <rim:ValueList>
               <rim:Value>Radiology</rim:Value>
            </rim:ValueList>
         </rim:Slot>
         <rim:VersionInfo versionName="-1"/>
      </rim:Classification>
      <rim:Classification classificationScheme="urn:uuid:93606bcf-9494-43ec-9b4e-a7748d1a838d"
            classifiedObject="urn:uuid:6cbc7fad-1244-41b6-81e3-fbd143f11896"
            nodeRepresentation="" objectType="urn:oasis:names:tc:ebxml-regrep:ObjectType:RegistryObject:Classification"
            id="urn:uuid:c6e6b095-45c0-4b17-8d21-c8465848617f">
         <rim:Slot name="authorPerson">
            <rim:ValueList>
               <rim:Value>^Dopplemeyer^Sherry^^^</rim:Value>
            </rim:ValueList>
         </rim:Slot>
         <rim:Slot name="authorInstitution">
            <rim:ValueList>
               <rim:Value>Cleveland Clinic</rim:Value>
               <rim:Value>Berea Community</rim:Value>
            </rim:ValueList>
         </rim:Slot>
         <rim:Slot name="authorRole">
            <rim:ValueList>
               <rim:Value>Radiologist</rim:Value>
            </rim:ValueList>
         </rim:Slot>
         <rim:Slot name="authorSpecialty">
            <rim:ValueList>
               <rim:Value>Radiology</rim:Value>
            </rim:ValueList>
         </rim:Slot>
         <rim:VersionInfo versionName="-1"/>
      </rim:Classification>
      <rim:Classification classificationScheme="urn:uuid:41a5887f-8865-4c09-adf7-e362475b143a"
            classifiedObject="urn:uuid:6cbc7fad-1244-41b6-81e3-fbd143f11896"
            nodeRepresentation="DEMO-Index" objectType="urn:oasis:names:tc:ebxml-regrep:ObjectType:RegistryObject:Classification"
            id="urn:uuid:313771c4-cefb-4060-89d0-d056a10f48c3">
         <rim:Slot name="codingScheme">
            <rim:ValueList>
               <rim:Value>1.3.6.1.4.1.21367.100.1</rim:Value>
            </rim:ValueList>
         </rim:Slot>
         <rim:Name>
            <rim:LocalizedString value="Document Index"/>
         </rim:Name>
         <rim:VersionInfo versionName="-1"/>
      </rim:Classification>
      <rim:Classification classificationScheme="urn:uuid:f4f85eac-e6cb-4883-b524-f2705394840f"
            classifiedObject="urn:uuid:6cbc7fad-1244-41b6-81e3-fbd143f11896"
            nodeRepresentation="R" objectType="urn:oasis:names:tc:ebxml-regrep:ObjectType:RegistryObject:Classification"
            id="urn:uuid:e0cdfa53-84d9-4f77-9346-aab0765ae5f5">
         <rim:Slot name="codingScheme">
            <rim:ValueList>
               <rim:Value>2.16.840.1.113883.5.25</rim:Value>
            </rim:ValueList>
         </rim:Slot>
         <rim:Name>
            <rim:LocalizedString value="Restricted"/>
         </rim:Name>
         <rim:VersionInfo versionName="-1"/>
      </rim:Classification>
      <rim:Classification classificationScheme="urn:uuid:a09d5840-386c-46f2-b5ad-9c3699a4309d"
            classifiedObject="urn:uuid:6cbc7fad-1244-41b6-81e3-fbd143f11896"
            nodeRepresentation="1.2.840.10008.5.1.4.1.1.88.59"
            objectType="urn:oasis:names:tc:ebxml-regrep:ObjectType:RegistryObject:Classification"
            id="urn:uuid:557de186-ba29-41c1-8a56-aa75a910bd3a">
         <rim:Slot name="codingScheme">
            <rim:ValueList>
               <rim:Value>1.2.840.10008.2.6.1</rim:Value>
            </rim:ValueList>
         </rim:Slot>
         <rim:Name>
            <rim:LocalizedString value="1.2.840.10008.5.1.4.1.1.88.59"/>
         </rim:Name>
         <rim:VersionInfo versionName="-1"/>
      </rim:Classification>
      <rim:Classification classificationScheme="urn:uuid:f33fb8ac-18af-42cc-ae0e-ed0b0bdb91e1"
            classifiedObject="urn:uuid:6cbc7fad-1244-41b6-81e3-fbd143f11896"
            nodeRepresentation="Outpatient" objectType="urn:oasis:names:tc:ebxml-regrep:ObjectType:RegistryObject:Classification"
            id="urn:uuid:72d8eba8-6286-404f-9290-dfd9521d80a4">
         <rim:Slot name="codingScheme">
            <rim:ValueList>
               <rim:Value>Connect-a-thon healthcareFacilityTypeCodes 2</rim:Value>
            </rim:ValueList>
         </rim:Slot>
         <rim:Name>
            <rim:LocalizedString value="Outpatient"/>
         </rim:Name>
         <rim:VersionInfo versionName="-1"/>
      </rim:Classification>
      <rim:Classification classificationScheme="urn:uuid:cccf5598-8b07-4b77-a05e-ae952c785ead"
            classifiedObject="urn:uuid:6cbc7fad-1244-41b6-81e3-fbd143f11896"
            nodeRepresentation="R-3027B" objectType="urn:oasis:names:tc:ebxml-regrep:ObjectType:RegistryObject:Classification"
            id="urn:uuid:a75ffefe-1c4b-4f51-8edb-81b244580daf">
         <rim:Slot name="codingScheme">
            <rim:ValueList>
               <rim:Value>SRT</rim:Value>
            </rim:ValueList>
         </rim:Slot>
         <rim:Name>
            <rim:LocalizedString value="Radiology"/>
         </rim:Name>
         <rim:VersionInfo versionName="-1"/>
      </rim:Classification>
      <rim:Classification classificationScheme="urn:uuid:2c6b8cb7-8b2a-4051-b291-b1ae6a575ef4"
            classifiedObject="urn:uuid:6cbc7fad-1244-41b6-81e3-fbd143f11896"
            nodeRepresentation="CT" objectType="urn:oasis:names:tc:ebxml-regrep:ObjectType:RegistryObject:Classification"
            id="urn:uuid:de4be84b-6173-497c-ba72-933360a85177">
         <rim:Slot name="codingScheme">
            <rim:ValueList>
               <rim:Value>DCM</rim:Value>
            </rim:ValueList>
         </rim:Slot>
         <rim:Name>
            <rim:LocalizedString value="Computed Tomography"/>
         </rim:Name>
         <rim:VersionInfo versionName="-1"/>
      </rim:Classification>
      <rim:Classification classificationScheme="urn:uuid:2c6b8cb7-8b2a-4051-b291-b1ae6a575ef4"
            classifiedObject="urn:uuid:6cbc7fad-1244-41b6-81e3-fbd143f11896"
            nodeRepresentation="R-FAB55" objectType="urn:oasis:names:tc:ebxml-regrep:ObjectType:RegistryObject:Classification"
            id="urn:uuid:ca02b9fc-2d74-4b54-a2f4-8537807f608a">
         <rim:Slot name="codingScheme">
            <rim:ValueList>
               <rim:Value>SRT</rim:Value>
            </rim:ValueList>
         </rim:Slot>
         <rim:Name>
            <rim:LocalizedString value="Chest and Abdomen"/>
         </rim:Name>
         <rim:VersionInfo versionName="-1"/>
      </rim:Classification>
      <rim:Classification classificationScheme="urn:uuid:f0306f51-975f-434e-a61c-c59651d33983"
            classifiedObject="urn:uuid:6cbc7fad-1244-41b6-81e3-fbd143f11896"
            nodeRepresentation="11502-2" objectType="urn:oasis:names:tc:ebxml-regrep:ObjectType:RegistryObject:Classification"
            id="urn:uuid:22f02f60-2fb3-45c1-a444-bdb1574e796c">
         <rim:Slot name="codingScheme">
            <rim:ValueList>
               <rim:Value>2.16.840.1.113883.6.1</rim:Value>
            </rim:ValueList>
         </rim:Slot>
         <rim:Name>
            <rim:LocalizedString value="LABORATORY REPORT.TOTAL"/>
         </rim:Name>
         <rim:VersionInfo versionName="-1"/>
      </rim:Classification>
      <rim:ExternalIdentifier identificationScheme="urn:uuid:58a6f841-87b3-4a3e-92fd-a8ffeff98427"
            value="AD201512211322011^^^&amp;1.3.6.1.4.1.21367.2005.13.20.1000&amp;ISO"
            objectType="urn:oasis:names:tc:ebxml-regrep:ObjectType:RegistryObject:ExternalIdentifier"
            id="urn:uuid:f72fd3b3-3932-48f9-9dbe-a166fab4477f"
            registryObject="urn:uuid:6cbc7fad-1244-41b6-81e3-fbd143f11896">
         <rim:Name>
            <rim:LocalizedString value="XDSDocumentEntry.patientId"/>
         </rim:Name>
         <rim:VersionInfo versionName="-1"/>
      </rim:ExternalIdentifier>
      <rim:ExternalIdentifier identificationScheme="urn:uuid:2e82c1f6-a085-4c72-9da3-8640a32e42ab"
            value="1.42.20151217092137.12" objectType="urn:oasis:names:tc:ebxml-regrep:ObjectType:RegistryObject:ExternalIdentifier"
            id="urn:uuid:f9f0482e-0cd5-4f59-86cf-9f3fc30f2522"
            registryObject="urn:uuid:6cbc7fad-1244-41b6-81e3-fbd143f11896">
         <rim:Name>
            <rim:LocalizedString value="XDSDocumentEntry.uniqueId"/>
         </rim:Name>
         <rim:VersionInfo versionName="-1"/>
      </rim:ExternalIdentifier>
   </rim:ExtrinsicObject>
</rim:LeafRegistryObjectList>