
<rim:LeafRegistryObjectList xmlns:rim="urn:oasis:names:tc:ebxml-regrep:xsd:rim:3.0">
   <rim:RegistryPackage id="urn:uuid:72a48d6e-22cd-40d0-8595-d85e31d5b09f"
         objectType="urn:oasis:names:tc:ebxml-regrep:ObjectType:RegistryObject:RegistryPackage"
         lid="urn:uuid:72a48d6e-22cd-40d0-8595-d85e31d5b09f">
      <rim:Slot name="submissionTime">
         <rim:ValueList>
            <rim:Value>20041225235050</rim:Value>
         </rim:ValueList>
      </rim:Slot>
      <rim:Name>
         <rim:LocalizedString value="Physical"/>
      </rim:Name>
      <rim:Description>
         <rim:LocalizedString value="Annual physical"/>
      </rim:Description>
      <rim:VersionInfo versionName="1"/>
      <rim:Classification classificationScheme="urn:uuid:a7058bb9-b4e4-4307-ba5b-e3f0ab85e12d"
            classifiedObject="urn:uuid:72a48d6e-22cd-40d0-8595-d85e31d5b09f"
            nodeRepresentation="" objectType="urn:oasis:names:tc:ebxml-regrep:ObjectType:RegistryObject:Classification"
            id="urn:uuid:cb954f18-8f7f-4ccf-9786-839889a11540">
         <rim:Slot name="authorPerson">
            <rim:ValueList>
               <rim:Value>^Dopplemeyer^Sherry^^^</rim:Value>
            </rim:ValueList>
         </rim:Slot>
         <rim:Slot name="authorInstitution">
            <rim:ValueList>
               <rim:Value>Cleveland Clinic</rim:Value>
               <rim:Value>Berea Community</rim:Value>
            </rim:ValueList>
         </rim:Slot>
         <rim:Slot name="authorRole">
            <rim:ValueList>
               <rim:Value>Primary Surgon</rim:Value>
            </rim:ValueList>
         </rim:Slot>
         <rim:Slot name="authorSpecialty">
            <rim:ValueList>
               <rim:Value>Orthopedic</rim:Value>
            </rim:ValueList>
         </rim:Slot>
         <rim:VersionInfo versionName="-1"/>
      </rim:Classification>
      <rim:Classification classificationScheme="urn:uuid:aa543740-bdda-424e-8c96-df4873be8500"
            classifiedObject="urn:uuid:72a48d6e-22cd-40d0-8595-d85e31d5b09f"
            nodeRepresentation="11502-2" objectType="urn:oasis:names:tc:ebxml-regrep:ObjectType:RegistryObject:Classification"
            id="urn:uuid:256cff58-c69f-4684-9d26-ed3092a49b2c">
         <rim:Slot name="codingScheme">
            <rim:ValueList>
               <rim:Value>2.16.840.1.113883.6.1</rim:Value>
            </rim:ValueList>
         </rim:Slot>
         <rim:Name>
            <rim:LocalizedString value="LABORATORY REPORT.TOTAL"/>
         </rim:Name>
         <rim:VersionInfo versionName="-1"/>
      </rim:Classification>
      <rim:ExternalIdentifier identificationScheme="urn:uuid:96fdda7c-d067-4183-912e-bf5ee74998a8"
            value="1.42.20151217092137.13" objectType="urn:oasis:names:tc:ebxml-regrep:ObjectType:RegistryObject:ExternalIdentifier"
            id="urn:uuid:092c2b64-2ebe-4989-8a45-cad4d7cd8507"
            registryObject="urn:uuid:72a48d6e-22cd-40d0-8595-d85e31d5b09f">
         <rim:Name>
            <rim:LocalizedString value="XDSSubmissionSet.uniqueId"/>
         </rim:Name>
         <rim:VersionInfo versionName="-1"/>
      </rim:ExternalIdentifier>
      <rim:ExternalIdentifier identificationScheme="urn:uuid:554ac39e-e3fe-47fe-b233-965d2a147832"
            value="1.3.6.1.4.1.21367.4" objectType="urn:oasis:names:tc:ebxml-regrep:ObjectType:RegistryObject:ExternalIdentifier"
            id="urn:uuid:0619e713-7299-4b0a-8d16-acaf7b5085a4"
            registryObject="urn:uuid:72a48d6e-22cd-40d0-8595-d85e31d5b09f">
         <rim:Name>
            <rim:LocalizedString value="XDSSubmissionSet.sourceId"/>
         </rim:Name>
         <rim:VersionInfo versionName="-1"/>
      </rim:ExternalIdentifier>
      <rim:ExternalIdentifier identificationScheme="urn:uuid:6b5aea1a-874d-4603-a4bc-96a0a7b38446"
            value="AD201512211322011^^^&amp;1.3.6.1.4.1.21367.2005.13.20.1000&amp;ISO"
            objectType="urn:oasis:names:tc:ebxml-regrep:ObjectType:RegistryObject:ExternalIdentifier"
            id="urn:uuid:8117e5ed-8c19-4dba-acae-812bc7406ca1"
            registryObject="urn:uuid:72a48d6e-22cd-40d0-8595-d85e31d5b09f">
         <rim:Name>
            <rim:LocalizedString value="XDSSubmissionSet.patientId"/>
         </rim:Name>
         <rim:VersionInfo versionName="-1"/>
      </rim:ExternalIdentifier>
   </rim:RegistryPackage>
</rim:LeafRegistryObjectList>