
<rim:LeafRegistryObjectList xmlns:rim="urn:oasis:names:tc:ebxml-regrep:xsd:rim:3.0">
   <rim:Association associationType="urn:oasis:names:tc:ebxml-regrep:AssociationType:HasMember"
         sourceObject="urn:uuid:95619ab0-378b-4949-9666-bc884945ca01"
         targetObject="urn:uuid:c0ff9dd4-8d7f-4b5a-adef-a8b313c427ad"
         id="urn:uuid:cb6941b9-fc7a-4711-8b58-87bf03aba282"
         objectType="urn:oasis:names:tc:ebxml-regrep:ObjectType:RegistryObject:Association"
         lid="urn:uuid:cb6941b9-fc7a-4711-8b58-87bf03aba282">
      <rim:Slot name="SubmissionSetStatus">
         <rim:ValueList>
            <rim:Value>Original</rim:Value>
         </rim:ValueList>
      </rim:Slot>
      <rim:VersionInfo versionName="-1"/>
   </rim:Association>
</rim:LeafRegistryObjectList>